time,130.5,0,44.6,480,380,285,191,94.1,140.2
0,-28.232999,-31.85699955,-32.41199985,-26.3820006,-26.42099872,-26.45699993,-26.44199863,-29.9834992,-26.49750009
0.02,-23.42700019,-24.06150118,-31.20900169,-26.38050094,-26.40450016,-26.44350067,-26.44799963,-29.67600122,-26.49750009
0.04,-24.72450033,-23.96700159,-22.30050102,-26.37899891,-26.39999881,-26.45249858,-26.44199863,-29.09099832,-26.49600044
0.06,-28.85099903,-22.57649913,-31.61100164,-26.3910009,-26.41649976,-26.44950166,-26.44649997,-22.12650076,-26.50650039
0.08,-27.16200128,-29.58449855,-25.92149988,-26.37449995,-26.41799942,-26.45099893,-26.44350067,-30.24150148,-26.50500074
0.1,-23.0355002,-30.94199911,-24.28949848,-26.37749925,-26.41649976,-26.44649997,-26.42999902,-26.76450029,-26.50200143
0.12,-27.40800157,-22.34250084,-32.26800218,-26.37749925,-26.4030005,-26.44799963,-26.44799963,-22.67699972,-26.5034987
0.14,-29.21249881,-31.6395022,-22.50900045,-26.3759996,-26.40150085,-26.43450037,-26.44500032,-30.43050066,-26.5034987
0.16,-24.11249891,-25.62150016,-29.99399915,-26.37449995,-26.40599981,-26.44649997,-26.43900171,-30.5355002,-26.5004994
0.18,-23.9579989,-24.50249925,-30.56999937,-26.37449995,-26.39999881,-26.44799963,-26.43749967,-23.67599979,-26.48100153
0.2,-28.75649944,-32.27999941,-22.43250147,-26.38799921,-26.40150085,-26.45249858,-26.44799963,-24.73200098,-26.49899974
0.22,-28.15349832,-22.41899982,-31.69200197,-26.37300029,-26.40450016,-26.44950166,-26.44199863,-30.83999887,-26.49299875
0.24,-22.98749939,-30.20550027,-25.24950042,-26.37449995,-26.40599981,-26.43450037,-26.44649997,-22.43550077,-26.5004994
0.26,-26.44049898,-30.30149952,-24.86099973,-26.39549986,-26.4030005,-26.42550007,-26.44049898,-27.19650045,-26.50500074
0.28,-29.0639998,-22.45199934,-32.39700094,-26.3940002,-26.39849916,-26.44649997,-26.44500032,-30.84450021,-26.5004994
0.3,-25.11899963,-31.68150201,-22.36199871,-26.39549986,-26.4030005,-26.44649997,-26.43600002,-22.01999918,-26.50200143
0.32,-23.45249906,-25.04999891,-30.62249914,-26.39250055,-26.39999881,-26.44350067,-26.44500032,-29.31149974,-26.5034987
0.34,-28.5209991,-25.01699939,-29.82749954,-26.39250055,-26.40150085,-26.45400062,-26.43900171,-29.64450136,-26.49899974
0.36,-28.84499803,-32.40150228,-22.53599897,-26.37899891,-26.41350046,-26.44500032,-26.44649997,-22.05149904,-26.49750009
0.38,-23.14950004,-22.30499998,-31.76699892,-26.3820006,-26.40749946,-26.44350067,-26.43900171,-30.18149868,-26.50500074
0.4,-25.43699995,-30.6809999,-32.08200231,-26.3759996,-26.4030005,-26.45099893,-26.44500032,-27.42450014,-26.50200143
0.42,-28.93499866,-29.64000002,-22.8929998,-26.37749925,-26.40450016,-26.44049898,-26.44350067,-22.47299924,-26.49299875
0.44,-26.30100027,-22.58549944,-28.70399967,-26.37449995,-26.39849916,-26.45249858,-26.44350067,-30.38100019,-26.50200143
0.46,-23.15699831,-31.75950065,-31.59750238,-26.39699951,-26.39999881,-26.44649997,-26.44500032,-25.12799993,-26.49750009
0.48,-28.002,-24.51149955,-22.26300016,-26.3820006,-26.40749946,-26.45400062,-26.44649997,-23.4480001,-26.50200143
0.5,-29.18400064,-25.5900003,-31.58550039,-26.37000099,-26.39999881,-26.44950166,-26.44649997,-30.59250131,-26.50500074
0.52,-23.5634996,-32.42250219,-26.32800117,-26.37749925,-26.39999881,-26.42550007,-26.44350067,-23.2784988,-26.50200143
0.54,-24.5190002,-22.2434999,-23.98499981,-26.3940002,-26.40599981,-26.44199863,-26.44500032,-30.73800102,-26.5004994
0.56,-28.84499803,-31.01550117,-32.20050111,-26.35950103,-26.39549986,-26.44199863,-26.44350067,-22.65599981,-26.49899974
0.58,-27.41400018,-28.99349943,-22.61100069,-26.38799921,-26.39999881,-26.44799963,-26.43900171,-26.51399866,-26.47349849
0.6,-23.02350059,-22.76550069,-29.50649992,-26.3940002,-26.4030005,-26.43749967,-26.44500032,-30.95250145,-26.49899974
0.62,-27.19049945,-31.83900133,-30.99600092,-26.38799921,-26.39849916,-26.43600002,-26.44649997,-22.08449855,-26.50500074
0.64,-29.18999925,-24.03300062,-22.34400049,-26.3849999,-26.40150085,-26.44350067,-26.44350067,-28.91700044,-26.50500074
0.66,-24.31949869,-26.32649913,-31.65450111,-26.3849999,-26.39999881,-26.44649997,-26.45099893,-30.05399957,-26.49899974
0.68,-23.84249941,-32.40600362,-25.67699924,-26.38799921,-26.40749946,-26.44350067,-26.44049898,-22.02149883,-26.5004994
0.7,-28.73549953,-22.1984984,-24.48899999,-26.3669993,-26.40150085,-26.44350067,-26.44799963,-22.12950006,-26.50200143
0.72,-28.33500162,-31.25849977,-32.310002,-26.39549986,-26.40450016,-26.46000162,-26.41799942,-30.26250139,-26.5004994
0.74,-22.99800172,-28.23749796,-22.43700042,-26.37749925,-26.39849916,-26.43749967,-26.44799963,-26.75699964,-26.5004994
0.76,-26.2695004,-23.00699964,-30.18749967,-26.37899891,-26.40599981,-26.43749967,-26.44350067,-22.68149868,-26.5004994
0.78,-29.04299989,-31.91250101,-30.35249963,-26.37749925,-26.39699951,-26.44350067,-26.44350067,-30.42449966,-26.5004994
0.8,-25.33049837,-23.53199974,-22.47750059,-26.38050094,-26.40749946,-26.44350067,-26.44500032,-24.54449907,-26.49899974
0.82,-23.38350073,-27.14100137,-31.74599901,-26.37300029,-26.40150085,-26.44199863,-26.42849937,-23.85000005,-26.49750009
0.84,-28.46400037,-32.24250093,-25.00499979,-26.37449995,-26.4030005,-26.44950166,-26.42849937,-30.67650095,-26.5004994
0.86,-28.93800035,-22.18799844,-25.12799993,-26.3759996,-26.4030005,-26.44199863,-26.44950166,-22.92300001,-26.5034987
0.88,-23.18399921,-31.42200246,-32.4195005,-26.37899891,-26.40450016,-26.44049898,-26.43900171,-25.91249958,-26.49750009
0.9,-25.28549924,-27.5564982,-22.31400028,-26.3759996,-26.40749946,-26.44199863,-26.44199863,-30.95100179,-26.50200143
0.92,-28.9395,-23.27549949,-30.82949892,-26.40150085,-26.39849916,-26.43900171,-26.44799963,-22.14149967,-26.5034987
0.94,-26.47199884,-31.97700277,-29.46000114,-26.3759996,-26.40150085,-26.44049898,-26.44500032,-28.43250051,-26.49750009
0.96,-23.12400118,-23.1809999,-22.6410009,-26.38050094,-26.39699951,-26.43600002,-26.42550007,-30.40499941,-26.49899974
0.98,-27.90900007,-27.93750063,-31.80600181,-26.3940002,-26.40450016,-26.44199863,-26.44199863,-22.00649992,-26.49899974
1,-29.20500055,-31.96650043,-24.34200063,-26.39699951,-26.40450016,-26.44350067,-26.44500032,-29.9010016,-26.50200143
1.02,-23.66099849,-22.20750108,-25.90349928,-26.39699951,-26.39999881,-26.44199863,-26.44199863,-28.55999961,-26.50200143
1.04,-24.43199888,-31.49700418,-32.42250219,-26.37300029,-26.40599981,-26.44799963,-26.44199863,-22.21499935,-26.50500074
1.06,-28.83749977,-26.9219996,-22.22699896,-26.39699951,-26.40150085,-26.43900171,-26.44799963,-30.32099977,-26.48249879
1.08,-27.54599825,-23.60699907,-31.14750162,-26.38799921,-26.40450016,-26.44199863,-26.44350067,-26.17949978,-26.5094997
1.1,-23.00999895,-32.09249988,-28.67699876,-26.3820006,-26.40150085,-26.44350067,-26.45099893,-22.91850105,-26.5094997
1.12,-27.12149873,-22.84199968,-22.87050024,-26.37749925,-26.4030005,-26.43900171,-26.44799963,-30.47999874,-26.49150148
1.14,-29.1884996,-28.75649944,-31.86600223,-26.37749925,-26.40150085,-26.43900171,-26.44950166,-24.091499,-26.49150148
1.16,-24.3945004,-31.53450266,-23.83799806,-26.39549986,-26.39699951,-26.43749967,-26.44199863,-24.27449957,-26.4944984
1.18,-23.79149929,-22.25099817,-26.69250026,-26.3910009,-26.41049877,-26.44500032,-26.42099872,-30.75900093,-26.49600044
1.2,-28.73100057,-31.57350317,-32.38499895,-26.3910009,-26.40450016,-26.44199863,-26.44049898,-22.64549986,-26.49150148
1.22,-28.39800134,-26.30699888,-22.20599905,-26.37899891,-26.40899912,-26.44350067,-26.44049898,-26.55450121,-26.48999944
1.24,-23.00549999,-23.96700159,-31.36950031,-26.37449995,-26.40599981,-26.43900171,-26.44049898,-30.9480001,-26.4944984
1.26,-26.20049968,-32.17499986,-27.89850011,-26.3759996,-26.42400041,-26.43900171,-26.44799963,-22.07100168,-26.4944984
1.28,-29.04299989,-22.6259996,-23.16149965,-26.39999881,-26.41799942,-26.43900171,-26.42999902,-28.92900005,-26.48999944
1.3,-25.37100092,-29.47649971,-31.98149934,-26.3820006,-26.39999881,-26.44350067,-26.44649997,-30.03150001,-26.49299875
1.32,-23.38650003,-31.00800052,-23.32949892,-26.39999881,-26.40150085,-26.44500032,-26.44350067,-22.03199878,-26.48700014
1.34,-28.47299829,-22.31549993,-27.68550172,-26.38649955,-26.4030005,-26.44199863,-26.44500032,-30.06449953,-26.51099935
1.36,-28.96199957,-31.61550298,-32.0940043,-26.38350025,-26.39699951,-26.45699993,-26.44350067,-27.97199979,-26.51250139
1.38,-23.18399921,-31.88850179,-22.22399965,-26.3849999,-26.40150085,-26.43900171,-26.43900171,-22.33500019,-26.51700035
1.4,-25.27349964,-23.60549942,-31.50450245,-26.38050094,-26.39849916,-26.44049898,-26.42849937,-30.34199968,-26.51099935
1.42,-28.9185001,-27.02549949,-27.13650003,-26.38350025,-26.40150085,-26.45699993,-26.43900171,-25.62599912,-26.51099935
1.44,-26.46749988,-32.28450075,-23.50650087,-26.38649955,-26.40599981,-26.46000162,-26.44199863,-23.14500108,-26.49150148
1.46,-28.37399974,-22.19399944,-32.07750097,-26.3820006,-26.40749946,-26.46000162,-26.43900171,-30.52950159,-26.50650039
1.48,-23.01900163,-31.39199987,-22.93950096,-26.38649955,-26.41649976,-26.44199863,-26.43300071,-23.67149845,-26.48700014
1.5,-26.24699846,-27.66900077,-28.56450096,-26.3820006,-26.4030005,-26.44199863,-26.43600002,-24.71100107,-26.49150148
1.52,-29.05800119,-23.24399963,-31.02150217,-26.38799921,-26.40749946,-26.46299854,-26.43450037,-30.84900156,-26.49150148
1.54,-25.33649936,-31.95600286,-29.10749927,-26.38799921,-26.40599981,-26.43900171,-26.43900171,-22.42949978,-26.49299875
1.56,-23.38199869,-23.21399942,-22.75800005,-26.3849999,-26.40150085,-26.43900171,-26.43300071,-27.16349855,-26.49150148
1.58,-28.46550003,-27.8504993,-31.83900133,-26.38649955,-26.40749946,-26.44350067,-26.43300071,-30.84749952,-26.49299875
1.6,-28.9365007,-32.0099999,-24.12300125,-26.38649955,-26.40599981,-26.44199863,-26.43749967,-22.03350082,-26.48999944
1.62,-23.18249956,-22.20299974,-26.23950019,-26.3940002,-26.39999881,-26.44350067,-26.43600002,-29.30400148,-26.49299875
1.64,-25.28100029,-31.48950353,-32.40900293,-26.38350025,-26.40150085,-26.44350067,-26.43900171,-29.63249937,-26.51099935
1.66,-28.9275004,-27.00449958,-22.21499935,-26.37749925,-26.40599981,-26.46000162,-26.43149868,-22.05600038,-26.51099935
1.68,-26.47349849,-23.5695006,-31.26300111,-26.38799921,-26.40599981,-26.44199863,-26.43600002,-30.16949907,-26.49600044
1.7,-23.13450113,-32.0670034,-28.35899845,-26.38649955,-26.40150085,-26.43900171,-26.43900171,-27.42300048,-26.49600044
1.72,-27.89550081,-22.8689982,-23.00549999,-26.38949886,-26.41949907,-26.44049898,-26.43600002,-22.46700063,-26.48999944
1.74,-29.18550029,-28.66199985,-31.91250101,-26.38050094,-26.41949907,-26.44350067,-26.43749967,-30.37650123,-26.48999944
1.76,-23.63999858,-31.60800233,-23.61899868,-26.37899891,-26.41799942,-26.44350067,-26.43300071,-25.12949958,-26.49899974
1.78,-24.40650001,-22.23599926,-27.09900156,-26.38649955,-26.40450016,-26.44950166,-26.43900171,-23.44199911,-26.49150148
1.8,-28.82399812,-31.59450307,-32.29650274,-26.38050094,-26.39999881,-26.44199863,-26.44350067,-30.58049932,-26.51099935
1.82,-27.54750028,-26.34599939,-22.21949831,-26.3820006,-26.40599981,-26.44199863,-26.44950166,-23.30699936,-26.50650039
1.84,-22.99949899,-23.94299999,-31.47900119,-26.38350025,-26.42250076,-26.44950166,-26.45249858,-22.66949907,-26.5034987
1.86,-27.08400026,-32.17350259,-27.53849998,-26.38799921,-26.42699972,-26.43900171,-26.46000162,-26.48249879,-26.51250139
1.88,-29.17499796,-22.64549986,-23.3115007,-26.38649955,-26.42400041,-26.44049898,-26.45099893,-30.94950214,-26.4944984
1.9,-24.41250101,-29.39100042,-32.02200189,-26.38949886,-26.39999881,-26.44649997,-26.44649997,-22.08600059,-26.49299875
1.92,-23.77350107,-31.06800333,-23.153999,-26.3849999,-26.40599981,-26.44199863,-26.44049898,-28.87500063,-26.48700014
1.94,-28.72349992,-22.31250063,-28.10250059,-26.3849999,-26.40599981,-26.44199863,-26.44049898,-30.07349983,-26.48700014
1.96,-28.40999857,-31.62600055,-31.90350071,-26.3849999,-26.39849916,-26.44199863,-26.44199863,-22.01550022,-26.50800005
1.98,-23.00850168,-25.76400056,-22.20599905,-26.38649955,-26.39999881,-26.43600002,-26.44500032,-30.06150022,-26.48999944
2,-26.16150156,-24.3614985,-31.56300083,-26.38050094,-26.40599981,-26.44049898,-26.45099893,-28.04100052,-26.48700014
2.02,-29.02499929,-32.27400079,-26.81849971,-26.38350025,-26.40599981,-26.44199863,-26.44049898,-22.33949915,-26.48700014
2.04,-25.4294993,-22.44300142,-23.71350065,-26.3849999,-26.41949907,-26.43900171,-26.42550007,-30.33900037,-26.4944984
2.06,-23.34900156,-30.02399936,-32.13300005,-26.38050094,-26.42099872,-26.42699972,-26.44950166,-25.65900102,-26.49150148
2.08,-28.42799917,-30.49049869,-22.81199947,-26.38649955,-26.42400041,-26.44799963,-26.44049898,-23.14800039,-26.49600044
2.1,-28.96499887,-22.40249887,-29.00550142,-26.38649955,-26.41799942,-26.44799963,-26.44799963,-30.50400034,-26.48999944
2.12,-23.19899812,-31.68600336,-31.37400165,-26.3849999,-26.42250076,-26.45099893,-26.43900171,-23.6969997,-26.48849979
2.14,-25.2135016,-25.18800035,-22.29000106,-26.3849999,-26.40150085,-26.44799963,-26.44799963,-24.70799938,-26.49150148
2.16,-28.88999954,-24.86549869,-31.60200372,-26.37899891,-26.40599981,-26.43900171,-26.43900171,-30.81750169,-26.4944984
2.18,-26.55299917,-32.35350147,-26.09250084,-26.3849999,-26.40749946,-26.43450037,-26.43900171,-22.44300142,-26.49600044
2.2,-23.11049953,-22.33649984,-24.13500085,-26.3849999,-26.40150085,-26.45400062,-26.44350067,-27.15600029,-26.48999944
2.22,-27.8745009,-30.55199876,-32.22600237,-26.3849999,-26.40749946,-26.43300071,-26.44049898,-30.85649982,-26.51250139
2.24,-29.21849981,-29.82300058,-22.52849832,-26.3820006,-26.41799942,-26.43300071,-26.44199863,-22.03650013,-26.5094997
2.26,-23.66400018,-22.52700105,-29.77499977,-26.38350025,-26.41949907,-26.45400062,-26.44049898,-29.31149974,-26.5034987
2.28,-24.3764998,-31.72350183,-30.78599945,-26.38949886,-26.42250076,-26.45249858,-26.44500032,-29.64750066,-26.51099935
2.3,-28.84350076,-24.67350021,-22.38899961,-26.38799921,-26.42099872,-26.44950166,-26.44500032,-22.07100168,-26.5094997
2.32,-27.59700075,-25.4384996,-31.69800296,-26.3820006,-26.41949907,-26.45400062,-26.44500032,-30.17400041,-26.4944984
2.34,-22.99649969,-32.44200245,-25.45500055,-26.3820006,-26.42400041,-26.43149868,-26.44500032,-27.39899889,-26.48849979
2.36,-27.06599966,-22.26900116,-24.71400037,-26.3849999,-26.40599981,-26.44649997,-26.44350067,-22.47299924,-26.5004994
2.38,-29.170499,-30.96600071,-32.33100191,-26.38350025,-26.40599981,-26.44950166,-26.44199863,-30.37949815,-26.48999944
2.4,-24.42749992,-29.12849918,-22.39949957,-26.38649955,-26.39699951,-26.45400062,-26.44199863,-25.09200111,-26.50800005
2.42,-23.76149908,-22.73849979,-30.46200052,-26.38649955,-26.4030005,-26.45249858,-26.44950166,-23.48249927,-26.48999944
2.44,-28.70849863,-31.81800142,-30.02549902,-26.38799921,-26.4030005,-26.45249858,-26.44199863,-30.59700027,-26.5094997
2.46,-28.42049852,-24.10350099,-22.53899828,-26.3849999,-26.4030005,-26.42999902,-26.44350067,-23.26050058,-26.5004994
2.48,-23.00400034,-26.18250147,-31.72350183,-26.39549986,-26.40450016,-26.44799963,-26.44350067,-25.30349985,-26.48999944
2.5,-26.16449848,-32.42850319,-24.77549806,-26.3820006,-26.4030005,-26.43300071,-26.44350067,-30.90749994,-26.49150148
2.52,-29.04150024,-22.20599905,-25.35300031,-26.3820006,-26.40450016,-26.44649997,-26.44199863,-22.2585012,-26.49150148
2.54,-25.41749969,-31.24950185,-32.47800127,-26.37899891,-26.40450016,-26.43300071,-26.44799963,-27.8745009,-26.50650039
2.56,-23.35350052,-28.42049852,-22.27950111,-26.3759996,-26.40150085,-26.42999902,-26.44500032,-30.66600099,-26.49150148
2.58,-28.46100107,-22.93349996,-30.91799989,-26.40150085,-26.39849916,-26.44950166,-26.44199863,-22.01400056,-26.51399866
2.6,-28.96950021,-31.87050119,-29.25600067,-26.38050094,-26.40150085,-26.45099893,-26.44500032,-29.68050018,-26.47650018
2.62,-23.1870009,-23.69849935,-22.72650018,-26.3759996,-26.40599981,-26.44649997,-26.44649997,-29.0790011,-26.49899974
2.64,-25.28849855,-26.8859984,-31.83750406,-26.37899891,-26.4030005,-26.42099872,-26.44199863,-22.13249937,-26.5034987
2.66,-28.91399875,-32.30099931,-24.19349924,-26.38050094,-26.40150085,-26.45550027,-26.44350067,-30.26999965,-26.49150148
2.68,-26.43149868,-22.20150009,-22.70849958,-26.37000099,-26.42099872,-26.45099893,-26.42849937,-26.71949878,-26.49750009
2.7,-23.13299909,-22.40700021,-29.34449926,-26.38350025,-26.42699972,-26.45400062,-26.44799963,-22.69950166,-26.49899974
2.72,-27.96299949,-31.66500345,-31.17750421,-26.37150064,-26.4030005,-26.44500032,-26.45400062,-30.43349996,-26.5004994
2.74,-29.2155005,-25.27199998,-22.31549993,-26.39849916,-26.40150085,-26.45550027,-26.45849958,-24.5070006,-26.49750009
2.76,-23.59200016,-24.81450096,-31.64400354,-26.3759996,-26.40749946,-26.45849958,-26.45099893,-23.90399948,-26.47799984
2.78,-24.50550094,-32.33250156,-25.77899948,-26.37899891,-26.40599981,-26.44799963,-26.45400062,-30.6809999,-26.47500053
2.8,-28.86149898,-22.34550014,-24.36899915,-26.37899891,-26.40599981,-26.45249858,-26.45699993,-22.87050024,-26.5004994
2.82,-27.4319984,-30.48450008,-32.29950204,-26.3759996,-26.40599981,-26.45400062,-26.43149868,-26.00399986,-26.49899974
2.84,-23.01900163,-29.93250147,-22.46249929,-26.37899891,-26.41799942,-26.44950166,-26.44199863,-30.94950214,-26.5034987
2.86,-27.25349918,-22.52399936,-30.11849895,-26.38649955,-26.41949907,-26.44950166,-26.43600002,-22.13249937,-26.49899974
2.88,-29.19899955,-31.69950262,-30.43499961,-26.39849916,-26.3940002,-26.44500032,-26.43600002,-28.51200119,-26.5004994
2.9,-24.2490007,-24.75300089,-22.44149938,-26.3820006,-26.39699951,-26.45099893,-26.45249858,-30.35099998,-26.5004994
2.92,-23.87700096,-25.32449976,-31.69500127,-26.38050094,-26.41049877,-26.44799963,-26.45550027,-22.01099887,-26.49750009
2.94,-28.78649965,-32.42400184,-25.16550079,-26.37300029,-26.40899912,-26.44799963,-26.43450037,-22.06949964,-26.5034987
2.96,-28.2570006,-22.28249803,-25.00200048,-26.3759996,-26.41350046,-26.42849937,-26.43900171,-30.19950166,-26.4944984
2.98,-23.00099865,-30.85799947,-32.36250177,-26.39699951,-26.41049877,-26.44350067,-26.44049898,-27.289498,-26.50200143
3,-26.42400041,-29.30249944,-22.34699979,-26.3940002,-26.41200081,-26.45699993,-26.44799963,-22.51199976,-26.49899974
3.02,-29.07449976,-22.68450037,-30.65850034,-26.38949886,-26.41049877,-26.45849958,-26.43149868,-30.39150015,-26.49600044
3.04,-28.88400093,-48.90321508,-29.69700113,-26.38050094,-26.41350046,-26.44500032,-26.43600002,-25.02000108,-26.50200143
3.06,-27.28199974,-48.90321508,-22.60950103,-26.3940002,-26.41200081,-26.44199863,-26.43600002,-23.52899805,-26.48399845
3.08,-23.02799955,-25.95150009,-31.73850074,-26.3940002,-26.40749946,-26.44350067,-26.43600002,-30.60300127,-26.49899974
3.1,-27.38250032,-32.41500154,-24.56699863,-26.37899891,-26.41350046,-26.44649997,-26.44799963,-23.22900072,-26.50650039
3.12,-29.23349872,-22.2254993,-25.60199991,-26.38050094,-26.40450016,-26.43749967,-26.45550027,-25.35300031,-26.49899974
3.14,-24.1245009,-31.1565043,-32.470503,-26.37000099,-26.41200081,-26.44500032,-26.45699993,-30.92700019,-26.50200143
3.16,-23.9639999,-28.63800064,-22.24499956,-26.37300029,-26.40450016,-26.44500032,-26.44199863,-22.24499956,-26.50500074
3.18,-28.785,-22.8749992,-31.05149999,-26.37749925,-26.40899912,-26.44049898,-26.43749967,-27.92399898,-26.49750009
3.2,-28.13999906,-31.84050098,-29.00100008,-26.39549986,-26.41200081,-26.44500032,-26.43600002,-30.63900009,-26.49899974
3.22,-23.00099865,-23.8064982,-22.78049961,-26.3910009,-26.41350046,-26.44199863,-26.43600002,-22.00500026,-26.49600044
3.24,-26.54850021,-26.72250047,-31.86150089,-26.37300029,-26.39699951,-26.44500032,-26.43450037,-29.68950048,-26.48849979
3.26,-29.11050096,-32.35800281,-24.01049867,-26.3759996,-26.39699951,-26.44500032,-26.43600002,-29.04150024,-26.5004994
3.28,-24.97050062,-22.20449939,-26.44799963,-26.37449995,-26.40749946,-26.44500032,-26.43600002,-22.11750045,-26.47799984
3.3,-23.51099983,-31.32750049,-32.41350427,-26.3910009,-26.41949907,-26.42250076,-26.43300071,-30.26700035,-26.49899974
3.32,-28.61249939,-27.94049993,-22.21499935,-26.37150064,-26.41500011,-26.43300071,-26.44049898,-26.70449987,-26.50200143
3.34,-28.7609984,-23.13299909,-31.33050218,-26.37899891,-26.41500011,-26.44649997,-26.43450037,-22.70550027,-26.5004994
3.36,-23.07299867,-31.96650043,-28.19250122,-26.3910009,-26.41049877,-26.42999902,-26.43450037,-30.42749897,-26.49899974
3.38,-25.69499984,-23.37000147,-23.07600036,-26.40150085,-26.41049877,-26.45400062,-26.42849937,-24.50850025,-26.50200143
3.4,-28.98450151,-27.49799982,-31.94550052,-26.3669993,-26.41200081,-26.45099893,-26.43600002,-23.89950052,-26.49899974
3.42,-25.93799844,-32.15100303,-23.47949997,-26.37150064,-26.40899912,-26.42099872,-26.45099893,-30.68399921,-26.4944984
3.44,-23.21999803,-22.21050039,-27.32549921,-26.36849895,-26.40150085,-26.45249858,-26.45550027,-22.87800089,-26.50200143
3.46,-28.21649805,-31.45950094,-32.20200077,-26.38799921,-26.38350025,-26.44350067,-26.45400062,-26.00099817,-26.50650039
3.48,-29.11949888,-27.29850069,-22.22100034,-26.38649955,-26.41049877,-26.45099893,-26.44649997,-30.95250145,-26.49600044
3.5,-23.35799947,-23.41500059,-31.47900119,-26.3820006,-26.39849916,-26.42550007,-26.45099893,-22.13700071,-26.5034987
3.52,-24.83850017,-32.02650324,-27.42599979,-26.3820006,-26.40450016,-26.44049898,-26.44950166,-28.4939982,-26.49899974
3.54,-28.88849989,-23.04749981,-23.39550033,-26.3820006,-26.40150085,-26.44199863,-26.43600002,-30.35849825,-26.47650018
3.56,-26.99549928,-28.29750076,-32.03550115,-26.39250055,-26.4030005,-26.44049898,-26.45400062,-22.00949922,-26.49750009
3.58,-23.04899946,-31.81650415,-23.07450071,-26.3820006,-26.40450016,-26.44500032,-26.45249858,-29.92049947,-26.5094997
3.6,-27.57900015,-22.216499,-28.226998,-26.38949886,-26.40150085,-26.44799963,-26.44799963,-28.4939982,-26.49600044
3.62,-29.22600046,-31.52400032,-31.87200323,-26.3849999,-26.39999881,-26.44649997,-26.45550027,-22.22999826,-26.49750009
3.64,-23.91749874,-26.67449966,-22.2315003,-26.38350025,-26.4030005,-26.44350067,-26.44049898,-30.30750051,-26.49750009
3.66,-24.12750021,-23.76750007,-31.55699983,-26.38350025,-26.39849916,-26.44199863,-26.43749967,-26.11199871,-26.5004994
3.68,-28.81050125,-32.13300005,-26.71200052,-26.38949886,-26.39849916,-26.43749967,-26.43749967,-22.92599931,-26.49750009
3.7,-27.88949981,-22.73849979,-23.79149929,-26.3910009,-26.39999881,-26.45099893,-26.43749967,-30.46649948,-26.5034987
3.72,-22.98749939,-29.05800119,-32.12250248,-26.38799921,-26.39999881,-26.44649997,-26.43749967,-24.03749958,-26.50200143
3.74,-26.77799955,-31.34249941,-22.75500074,-26.3669993,-26.39999881,-26.44049898,-26.45400062,-24.31649938,-26.5004994
3.76,-29.13899913,-22.29000106,-29.11949888,-26.3759996,-26.40150085,-26.44199863,-26.44649997,-30.77100053,-26.49899974
3.78,-24.72749963,-31.61250129,-31.33800283,-26.3849999,-26.4030005,-26.44199863,-26.43450037,-22.607999,-26.5004994
3.8,-23.61150041,-26.07899919,-22.28699937,-26.3940002,-26.40450016,-26.44049898,-26.43900171,-26.63549915,-26.49600044
3.82,-28.6605002,-24.12149921,-31.59150138,-26.3910009,-26.40749946,-26.44350067,-26.44799963,-30.89699998,-26.49899974
3.84,-28.61700073,-32.19599977,-31.88550249,-26.3849999,-26.40899912,-26.44049898,-26.44350067,-22.05750003,-26.50200143
3.86,-23.0384995,-22.55549923,-23.79450098,-26.38350025,-26.42400041,-26.44500032,-26.45249858,-28.99500147,-26.48999944
3.88,-25.90349928,-29.69249979,-26.73150077,-26.38350025,-26.40150085,-26.44199863,-26.44649997,-29.97299924,-26.48700014
3.9,-28.99800077,-30.81899896,-32.34000221,-26.38799921,-26.40450016,-26.45699993,-26.43600002,-22.02899948,-26.50500074
3.92,-25.69950119,-22.36199871,-22.21949831,-26.38799921,-26.42099872,-26.44199863,-26.43749967,-30.07950082,-26.4944984
3.94,-23.27100053,-31.65300146,-31.39350191,-26.3849999,-26.40599981,-26.43900171,-26.44049898,-27.89550081,-26.50500074
3.96,-28.33500162,-25.54800048,-27.92249933,-26.37899891,-26.40599981,-26.44049898,-26.43450037,-22.36049905,-26.5004994
3.98,-29.04750124,-24.55649868,-23.13750044,-26.3849999,-26.41949907,-26.43900171,-26.44199863,-30.36000028,-26.49750009
4,-23.25599924,-32.32350364,-31.96650043,-26.38649955,-26.42099872,-26.43450037,-26.42999902,-25.51949993,-26.49750009
4.02,-25.0469996,-22.4010016,-23.35199848,-26.38649955,-26.41949907,-26.44350067,-26.43749967,-23.21549907,-26.5004994
4.04,-28.90650049,-22.20449939,-27.54899994,-26.3849999,-26.42400041,-26.43900171,-26.43900171,-30.5264999,-26.50200143
4.06,-26.71499982,-31.43550172,-32.11800113,-26.38799921,-26.41500011,-26.44199863,-26.43600002,-30.653999,-26.50800005
4.08,-23.08500066,-27.44400039,-22.19100013,-26.3849999,-26.40450016,-26.44199863,-26.43749967,-22.88249984,-26.50650039
4.1,-27.76799932,-23.34300056,-31.48350254,-26.3849999,-26.40899912,-26.44199863,-26.43149868,-25.98900095,-26.49150148
4.12,-29.22450081,-31.98000208,-27.22649828,-26.38799921,-26.39549986,-26.44500032,-26.43600002,-30.91650262,-26.51250139
4.14,-23.74650016,-23.09700027,-23.46450105,-26.3820006,-26.40150085,-26.44500032,-26.45550027,-22.12650076,-26.5004994
4.16,-24.29700151,-28.13999906,-32.08950296,-26.38649955,-26.41049877,-26.44500032,-26.44049898,-28.48349825,-26.49150148
4.18,-28.83749977,-31.89300314,-22.97999874,-26.38649955,-26.40749946,-26.46000162,-26.43749967,-30.37349954,-26.48100153
4.2,-27.66900077,-22.21800104,-28.56299892,-26.38350025,-26.4030005,-26.45849958,-26.44950166,-22.00049892,-26.49299875
4.22,-22.98899904,-31.50750175,-31.67100206,-26.38649955,-26.40899912,-26.44500032,-26.43300071,-29.89349857,-26.48999944
4.24,-27.0374991,-26.7884995,-22.25549951,-26.38649955,-26.4030005,-26.44350067,-26.43300071,-28.53149906,-26.48700014
4.26,-29.18400064,-23.67450014,-31.59300104,-26.38350025,-26.40599981,-26.43900171,-26.43900171,-22.2225,-26.48849979
4.28,-24.45450082,-32.11200014,-26.46899953,-26.3849999,-26.39999881,-26.44199863,-26.44649997,-30.30450121,-26.51099935
4.3,-23.74799982,-22.79249921,-23.91749874,-26.38799921,-26.40599981,-26.44049898,-26.45249858,-26.17800012,-26.48550048
4.32,-28.72800127,-28.90949979,-32.1675016,-26.3849999,-26.40599981,-26.43749967,-26.45699993,-22.91250005,-26.48849979
4.34,-28.41449991,-31.45050302,-22.6530005,-26.3820006,-26.40599981,-26.43900171,-26.44350067,-30.47250047,-26.48700014
4.36,-23.00400034,-22.26149812,-29.38200012,-26.40150085,-26.40749946,-26.44500032,-26.44049898,-24.06749979,-26.5034987
4.38,-26.20049968,-31.59600273,-31.13850132,-26.3820006,-26.39999881,-26.43900171,-26.43300071,-24.26100031,-26.4944984
4.4,-29.05949846,-26.14050165,-22.31999889,-26.3820006,-26.40749946,-26.44649997,-26.43450037,-30.73950067,-26.4944984
4.42,-28.85549799,-24.11249891,-31.61700264,-26.39549986,-26.40899912,-26.44350067,-26.45550027,-22.63799921,-26.4944984
4.44,-27.49799982,-32.18850151,-25.78350082,-26.3910009,-26.40749946,-26.44350067,-26.45099893,-26.56649843,-26.49299875
4.46,-23.00250068,-22.55100027,-24.3945004,-26.37449995,-26.4030005,-26.44049898,-26.44799963,-30.94950214,-26.49299875
4.48,-27.1980001,-29.71050039,-32.3250033,-26.3820006,-26.4030005,-26.43900171,-26.44950166,-22.06650034,-26.48849979
4.5,-29.20799986,-30.84149852,-22.4654986,-26.38649955,-26.39849916,-26.44350067,-26.43600002,-28.91700044,-26.5004994
4.52,-24.28200021,-22.3499991,-30.13949886,-26.3849999,-26.40450016,-26.44950166,-26.43600002,-30.02849832,-26.49600044
4.54,-23.85600105,-31.6335012,-30.43649927,-26.38799921,-26.42250076,-26.44649997,-26.44049898,-22.01250091,-26.49150148
4.56,-28.77149835,-25.49850002,-22.42949978,-26.38350025,-26.40150085,-26.44500032,-26.44049898,-30.06299987,-26.49150148
4.58,-28.26449886,-24.59550157,-31.73400179,-26.38649955,-26.40150085,-26.43749967,-26.42999902,-27.96299949,-26.49750009
4.6,-22.98899904,-32.33550087,-25.08150116,-26.37749925,-26.4030005,-26.43900171,-26.44799963,-22.34849945,-26.49299875
4.62,-26.39999881,-22.38149896,-24.97499958,-26.37150064,-26.41500011,-26.44350067,-26.45099893,-30.32850042,-26.49899974
4.64,-29.08350006,-30.31199947,-32.40900293,-26.38649955,-26.41949907,-26.44500032,-26.45550027,-25.61549917,-26.49899974
4.66,-25.11899963,-30.1530005,-22.32749954,-26.3910009,-26.41649976,-26.45849958,-26.43600002,-23.16600099,-26.49150148
4.68,-23.45549837,-22.4864985,-30.66600099,-26.38649955,-26.42099872,-26.44199863,-26.44049898,-30.52199855,-26.49600044
4.7,-28.56450096,-31.71450153,-29.70449939,-26.38799921,-26.40599981,-26.44350067,-26.44799963,-23.65049854,-26.49600044
4.72,-28.82550016,-24.88800064,-22.59599939,-26.38350025,-26.40450016,-26.43900171,-26.45400062,-24.72749963,-26.50800005
4.74,-23.09399858,-25.15500084,-31.7760016,-26.3849999,-26.40599981,-26.44049898,-26.43450037,-30.84450021,-26.48249879
4.76,-25.55549875,-32.4195005,-24.53700081,-26.38799921,-26.40749946,-26.44199863,-26.45099893,-22.42800012,-26.50500074
4.78,-28.96199957,-22.30200067,-25.64549938,-26.37899891,-26.40899912,-26.44049898,-26.43749967,-27.20549837,-26.49899974
4.8,-26.09849945,-30.80699936,-32.44500175,-26.39250055,-26.39999881,-26.45699993,-26.43749967,-30.82649961,-26.50200143
4.82,-23.18399921,-29.4584991,-22.25699916,-26.38949886,-26.4030005,-26.44350067,-26.45699993,-22.03350082,-26.49899974
4.84,-28.15349832,-22.65599981,-31.0695006,-26.38350025,-26.40150085,-26.43749967,-26.45699993,-29.331,-26.5004994
4.86,-29.15699974,-31.77000299,-28.95599857,-26.3820006,-26.40450016,-26.44199863,-26.45550027,-29.59499851,-26.50200143
4.88,-23.41650024,-24.34350029,-22.79249921,-26.37899891,-26.42999902,-26.44199863,-26.45400062,-22.05899969,-26.49899974
4.9,-24.74849954,-25.88249937,-31.8764998,-26.37899891,-26.40450016,-26.44049898,-26.43749967,-30.18149868,-26.5004994
4.92,-28.88550058,-32.4435021,-23.98049846,-26.38649955,-26.40899912,-26.44500032,-26.45550027,-27.35100046,-26.49750009
4.94,-27.09450021,-22.2225,-26.41799942,-26.3820006,-26.41049877,-26.45699993,-26.43600002,-22.4834992,-26.50200143
4.96,-23.03249851,-31.13250032,-32.40000263,-26.38649955,-26.42400041,-26.44049898,-26.43600002,-30.37949815,-26.49899974
4.98,-27.50700012,-28.67399946,-22.22100034,-26.3820006,-26.4030005,-26.44199863,-26.44500032,-25.04549995,-26.50200143
5,-29.22299877,-22.85700098,-31.30049959,-26.39250055,-26.40450016,-26.44199863,-26.45099893,-23.51099983,-26.5034987
5.02,-23.96700159,-31.86750188,-28.19400087,-26.38799921,-26.40150085,-26.44500032,-26.45699993,-30.59999958,-26.48550048
5.04,-24.0734984,-23.8124992,-23.05199876,-26.3820006,-26.41049877,-26.45249858,-26.43900171,-30.75599924,-26.5004994
5.06,-28.80150095,-26.6339995,-31.92300096,-26.39999881,-26.39549986,-26.44950166,-26.43749967,-22.61849895,-26.49899974
5.08,-27.97950044,-32.36550346,-23.50349918,-26.3820006,-26.40899912,-26.45099893,-26.43749967,-26.60249963,-26.50200143
5.1,-22.98300043,-22.20449939,-27.27899805,-26.3759996,-26.41500011,-26.44950166,-26.45699993,-30.92700019,-26.49600044
5.12,-26.679001,-31.33950248,-32.2185041,-26.38350025,-26.41049877,-26.45249858,-26.45249858,-22.04700008,-26.49750009
5.14,-29.13299814,-27.96900049,-22.18349949,-26.38050094,-26.41500011,-26.45400062,-26.43749967,-28.96199957,-26.48100153
5.16,-24.78750005,-23.09250131,-31.45500436,-26.38050094,-26.40749946,-26.44649997,-26.43450037,-30.00900045,-26.48399845
5.18,-23.57549921,-31.92900196,-27.49049917,-26.37150064,-26.41350046,-26.45550027,-26.45099893,-22.01250091,-26.50200143
5.2,-28.6364986,-23.4029986,-23.36249843,-26.37899891,-26.41049877,-26.45099893,-26.44799963,-30.08699909,-26.49899974
5.22,-28.67249981,-27.46350065,-32.06400171,-26.38050094,-26.41350046,-26.45400062,-26.45699993,-27.94800058,-26.50500074
5.24,-23.05650011,-32.15100303,-23.06999937,-26.38050094,-26.41200081,-26.44950166,-26.45699993,-22.35300079,-26.49899974
5.26,-25.82249895,-22.21800104,-28.21350113,-26.37449995,-26.41649976,-26.45249858,-26.43300071,-30.35249963,-26.49750009
5.28,-28.98299947,-31.47150293,-31.85100332,-26.3820006,-26.41200081,-26.45099893,-26.43600002,-25.5900003,-26.50200143
5.3,-25.80299869,-27.28349939,-22.2225,-26.38050094,-26.41200081,-26.44500032,-26.44049898,-23.17499891,-26.5004994
5.32,-23.23950067,-24.81450096,-31.55849949,-26.38050094,-26.41049877,-26.44799963,-26.43749967,-30.50850168,-26.48100153
5.34,-28.28700081,-25.31850114,-26.69699922,-26.3759996,-26.41500011,-26.45249858,-26.43749967,-23.63849893,-26.4944984
5.36,-29.08950105,-32.4255015,-23.75700012,-26.3820006,-26.40899912,-26.45400062,-26.43749967,-24.76499811,-26.5004994
5.38,-23.28599945,-22.29299799,-32.12850347,-26.38050094,-26.40599981,-26.45699993,-26.43749967,-30.83400026,-26.50200143
5.4,-24.97499958,-30.87450042,-22.76999965,-26.38050094,-26.40899912,-26.44799963,-26.44199863,-22.41150156,-26.50200143
5.42,-28.91999975,-29.31900039,-29.09549966,-26.3759996,-26.41649976,-26.44799963,-26.45550027,-27.22199932,-26.49600044
5.44,-26.78699985,-22.67400041,-31.35750309,-26.37749925,-26.40749946,-26.45550027,-26.44649997,-30.84149852,-26.5034987
5.46,-23.05949941,-31.79250017,-22.29450002,-26.3759996,-26.41649976,-26.44799963,-26.42849937,-22.02149883,-26.49750009
5.48,-27.71250024,-24.28349987,-31.6395022,-26.3910009,-26.40599981,-26.43600002,-26.43749967,-29.35950056,-26.5034987
5.5,-29.2155005,-25.99200025,-26.05200067,-26.3759996,-26.41200081,-26.45550027,-26.44049898,-29.56050172,-26.5004994
5.52,-23.79149929,-32.45700136,-24.22199979,-26.37749925,-26.41649976,-26.45550027,-26.44350067,-22.05899969,-26.49750009
5.54,-24.25649896,-22.2344996,-32.23650232,-26.38050094,-26.41200081,-26.45400062,-26.45849958,-30.19350067,-26.49600044
5.56,-28.8210012,-31.1565043,-22.54349962,-26.37449995,-26.40899912,-26.45099893,-26.45550027,-27.29700103,-26.49899974
5.58,-27.71999851,-28.60499874,-29.81999889,-26.39549986,-26.41049877,-26.45099893,-26.45550027,-22.49550119,-26.4944984
5.6,-22.99800172,-22.89900079,-30.72750106,-26.37899891,-26.39699951,-26.44950166,-26.44950166,-30.3749992,-26.50200143
5.62,-26.96549907,-31.89600244,-22.38450065,-26.3820006,-26.39250055,-26.44649997,-26.45400062,-25.01699939,-26.5004994
5.64,-29.170499,-23.75550047,-31.64250389,-26.38350025,-26.41049877,-26.44350067,-26.45249858,-23.51099983,-26.49899974
5.66,-24.5070006,-26.8005015,-25.414498,-26.3820006,-26.41500011,-26.44950166,-26.43900171,-30.58650032,-26.4944984
5.68,-23.71050134,-32.310002,-23.4029986,-26.38799921,-26.41500011,-26.44649997,-26.45249858,-23.21700111,-26.49600044
5.7,-28.72949854,-22.18799844,-27.58650079,-26.38350025,-26.41350046,-26.45099893,-26.43900171,-25.35149828,-26.49299875
5.72,-28.45949903,-31.36500373,-32.15100303,-26.38050094,-26.41500011,-26.44500032,-26.43749967,-30.91349855,-26.49899974
5.74,-23.00699964,-27.86400095,-22.20150009,-26.38949886,-26.40749946,-26.44950166,-26.44199863,-22.22399965,-26.50200143
5.76,-26.13450065,-23.16449896,-31.48050085,-26.37449995,-26.40899912,-26.44799963,-26.44500032,-27.8835012,-26.49750009
5.78,-29.03100029,-31.95450082,-27.19350114,-26.3820006,-26.39699951,-26.45400062,-26.43600002,-30.6359984,-26.50200143
5.8,-25.40699974,-23.33999887,-23.49900022,-26.3759996,-26.39849916,-26.43450037,-26.43300071,-22.00500026,-26.48700014
5.82,-23.35350052,-27.62700096,-32.08350196,-26.38649955,-26.41049877,-26.45099893,-26.43749967,-29.67900053,-26.49899974
5.84,-28.45350042,-32.10300222,-22.93799892,-26.3759996,-26.41649976,-26.44799963,-26.43600002,-29.04299989,-26.5034987
5.86,-28.94999996,-22.20750108,-28.50749984,-26.39849916,-26.40899912,-26.45099893,-26.43149868,-22.12650076,-26.4944984
5.88,-23.18849817,-31.46250263,-31.69350162,-26.37000099,-26.41200081,-26.44649997,-26.44649997,-30.24899974,-26.5034987
5.9,-25.2989985,-27.20099941,-22.24800125,-26.3910009,-26.41350046,-26.45400062,-26.43450037,-26.71200052,-26.4944984
5.92,-28.94250169,-23.46900001,-31.57500282,-26.38949886,-26.41200081,-26.42999902,-26.43900171,-22.69049898,-26.5034987
5.94,-26.42250076,-32.04150215,-26.44500032,-26.38350025,-26.40899912,-26.44649997,-26.45099893,-30.41699901,-26.5034987
5.96,-28.32599893,-22.97699943,-23.90249982,-26.38649955,-26.41049877,-26.45099893,-26.45099893,-24.5280005,-26.50200143
5.98,-22.98599973,-28.47599998,-32.14800134,-26.38350025,-26.40150085,-26.44950166,-26.45249858,-23.86349931,-26.49899974
6,-26.32649913,-31.69950262,-22.69350067,-26.3849999,-26.40899912,-26.45400062,-26.41500011,-24.76200119,-26.49600044
6.02,-29.08950105,-22.22999826,-29.36700121,-26.3820006,-26.41049877,-26.44950166,-26.44199863,-30.83099857,-26.49600044
6.04,-25.20750061,-31.55100122,-31.12500206,-26.39250055,-26.41350046,-26.44799963,-26.44799963,-22.4010016,-26.48849979
6.06,-23.41049924,-26.51399866,-22.32899919,-26.38799921,-26.41350046,-26.44649997,-26.44049898,-27.23699823,-26.48999944
6.08,-28.5330011,-23.85899797,-31.62900224,-26.4030005,-26.41500011,-26.44950166,-26.44799963,-30.83999887,-26.49150148
6.1,-28.87049928,-32.12400213,-25.82249895,-26.3820006,-26.39549986,-26.45400062,-26.45099893,-22.01400056,-26.49299875
6.12,-23.11499849,-22.68900171,-24.37199846,-26.39849916,-26.39250055,-26.45099893,-26.44799963,-29.32349935,-26.49150148
6.14,-25.49550071,-29.28750053,-32.29800239,-26.37899891,-26.39699951,-26.45099893,-26.44199863,-29.56650034,-26.49150148
6.16,-28.96199957,-31.18200079,-22.46249929,-26.3820006,-26.41649976,-26.43749967,-26.44049898,-22.05450073,-26.4944984
6.18,-26.18099943,-22.30200067,-30.05100027,-26.37749925,-26.39999881,-26.45099893,-26.44049898,-30.15599981,-26.49600044
6.2,-23.17650095,-31.58700243,-30.51900163,-26.38350025,-26.4030005,-26.45099893,-26.44500032,-27.35849872,-26.49299875
6.22,-28.11899915,-25.87800041,-22.44750038,-26.37749925,-26.41949907,-26.45249858,-26.44500032,-22.48800054,-26.4944984
6.24,-29.16600004,-24.28799883,-31.71300188,-26.3820006,-26.42099872,-26.44649997,-26.44500032,-30.36149994,-26.4944984
6.26,-23.44199911,-32.26050392,-25.15949979,-26.37449995,-26.41799942,-26.45099893,-26.44350067,-25.07550016,-26.48999944
6.28,-24.71699968,-22.48049989,-24.91649881,-26.37749925,-26.42400041,-26.45249858,-26.44799963,-23.45249906,-26.49299875
6.3,-28.87949958,-29.94600073,-32.38050237,-26.38050094,-26.42400041,-26.45249858,-26.44199863,-30.56249872,-26.4944984
6.32,-27.12300077,-48.90321508,-22.36650005,-26.39549986,-26.42250076,-26.44799963,-26.43900171,-23.27399984,-26.49150148
6.34,-23.02799955,-48.90321508,-30.64950004,-26.39849916,-26.40749946,-26.45249858,-26.44350067,-25.22549883,-26.48700014
6.36,-27.49799982,-31.67550102,-29.73299995,-26.38799921,-26.40450016,-26.44500032,-26.42400041,-30.88500038,-26.4944984
6.38,-29.24249902,-25.30349985,-22.57649913,-26.38050094,-26.40450016,-26.45699993,-26.44049898,-22.25549951,-26.49750009
6.4,-23.99850145,-24.81600061,-31.75050035,-26.38649955,-26.40450016,-26.45099893,-26.44649997,-27.78149858,-26.49600044
6.42,-24.06450048,-32.35950246,-24.60000053,-26.3910009,-26.40450016,-26.43149868,-26.44049898,-30.69149986,-26.48849979
6.44,-28.81050125,-22.35749975,-25.58249965,-26.3910009,-26.40749946,-26.43149868,-26.44649997,-22.00350061,-26.48849979
6.46,-27.96900049,-30.51599994,-32.4195005,-26.38350025,-26.40599981,-26.42849937,-26.44199863,-29.60850015,-26.48550048
6.48,-22.99500003,-29.92949978,-22.27350011,-26.38799921,-26.4030005,-26.44950166,-26.44199863,-29.15550008,-26.48849979
6.5,-26.72549978,-22.54499927,-31.02150217,-26.3849999,-26.40899912,-26.44950166,-26.42400041,-22.11750045,-26.48849979
6.52,-29.13150087,-31.72350183,-29.01749864,-26.38649955,-26.41949907,-26.45849958,-26.44199863,-30.24150148,-26.49299875
6.54,-24.75600019,-24.7499992,-22.77600065,-26.3820006,-26.41649976,-26.45400062,-26.43149868,-26.86199918,-26.49299875
6.56,-23.58599916,-25.38299814,-31.81499973,-26.38799921,-26.41649976,-26.44950166,-26.45249858,-22.64699951,-26.49299875
6.58,-28.65599886,-32.43900076,-24.05550018,-26.38799921,-26.4030005,-26.44950166,-26.45400062,-30.38999811,-26.49299875
6.6,-28.6454989,-22.27050081,-26.29649892,-26.38350025,-26.40150085,-26.45849958,-26.45249858,-24.6585013,-26.48550048
6.62,-23.04000154,-22.2434999,-32.41500154,-26.38649955,-26.39999881,-26.45099893,-26.45249858,-23.75099912,-26.48999944
6.64,-25.89299932,-31.54650226,-22.22850099,-26.38799921,-26.39849916,-26.45099893,-26.43749967,-30.62700048,-26.48550048
6.66,-29.00249973,-26.57399908,-31.30049959,-26.3849999,-26.41350046,-26.44950166,-26.43900171,-22.99800172,-26.48550048
6.68,-25.70100084,-23.8334991,-28.29299942,-26.38350025,-26.42250076,-26.44350067,-26.43600002,-25.72349802,-26.48999944
6.7,-23.27100053,-32.12550178,-22.98899904,-26.38799921,-26.42099872,-26.44049898,-26.43300071,-30.92250124,-26.4944984
6.72,-28.33199993,-22.71899953,-31.90500036,-26.3849999,-26.40599981,-26.44500032,-26.44049898,-22.16850057,-26.48999944
6.74,-29.04150024,-29.20500055,-23.5785009,-26.3820006,-26.39849916,-26.44049898,-26.44950166,-28.23899999,-26.48550048
6.76,-23.24699894,-31.24350086,-27.19049945,-26.38649955,-26.40749946,-26.43900171,-26.45099893,-30.48300043,-26.48700014
6.78,-25.0620009,-22.29899898,-32.23799959,-26.38050094,-26.40450016,-26.44649997,-26.44049898,-21.9825007,-26.48999944
6.8,-28.9185001,-31.63500085,-22.20299974,-26.37899891,-26.40899912,-26.43900171,-26.43900171,-29.81250063,-26.48999944
6.82,-26.70449987,-25.89900032,-31.42649904,-26.38949886,-26.39549986,-26.44649997,-26.43749967,-28.76849905,-26.48700014
6.84,-23.05349842,-24.26849857,-27.55199924,-26.38350025,-26.40899912,-26.44049898,-26.43600002,-22.16850057,-26.49299875
6.86,-27.78000131,-32.26200357,-23.33099857,-26.38050094,-26.42250076,-26.44199863,-26.44199863,-30.26700035,-26.48999944
6.88,-29.21700016,-22.5014998,-32.00100198,-26.38799921,-26.40450016,-26.44049898,-26.44199863,-26.43149868,-26.50500074
6.9,-23.71350065,-29.96850029,-23.15550104,-26.38350025,-26.40450016,-26.43450037,-26.43749967,-22.77449861,-26.48849979
6.92,-24.31350008,-30.57899967,-28.06200042,-26.38649955,-26.40749946,-26.44649997,-26.43900171,-30.42300001,-26.48849979
6.94,-28.83449808,-22.40249887,-30.75749889,-26.3910009,-26.4030005,-26.44500032,-26.43450037,-24.31350008,-26.48849979
6.96,-27.63149992,-31.68299928,-29.58449855,-26.3820006,-26.40450016,-26.43749967,-26.43600002,-24.03000131,-26.48999944
6.98,-22.97849908,-25.27349964,-22.607999,-26.38949886,-26.41649976,-26.43450037,-26.43749967,-24.97050062,-26.48849979
7,-27.07049862,-24.83700052,-31.77450433,-26.38799921,-26.4030005,-26.43450037,-26.43900171,-30.84900156,-26.48550048
7.02,-29.19600025,-32.35950246,-24.46800008,-26.3820006,-26.40899912,-26.44950166,-26.43749967,-22.33949915,-26.49150148
7.04,-24.38999906,-22.3560001,-25.74449793,-26.38350025,-26.40599981,-26.43600002,-26.43900171,-27.43950143,-26.48700014
7.06,-23.78549829,-30.5264999,-32.46750131,-26.38799921,-26.41049877,-26.44649997,-26.44500032,-30.76649919,-26.48849979
7.08,-28.73850122,-29.90249887,-22.2315003,-26.3910009,-26.40749946,-26.45099893,-26.43450037,-22.01699987,-26.49299875
7.1,-28.36349979,-22.54199997,-31.11450449,-26.3820006,-26.40150085,-26.45099893,-26.43600002,-29.46000114,-26.49600044
7.12,-22.98749939,-31.72950044,-28.82250085,-26.37899891,-26.40749946,-26.44799963,-26.44350067,-29.42099825,-26.49600044
7.14,-26.25299945,-24.72150102,-22.85399929,-26.38949886,-26.40150085,-26.43300071,-26.43600002,-22.07550064,-26.49600044
7.16,-29.0549995,-25.39949909,-31.87950388,-26.3910009,-26.40450016,-26.44950166,-26.43749967,-30.20849958,-26.4944984
7.18,-25.27349964,-48.90321508,-23.87249961,-26.3910009,-26.42400041,-26.45400062,-26.44049898,-27.1860005,-26.48700014
7.2,-23.39100137,-48.90321508,-26.57399908,-26.3910009,-26.42250076,-26.43749967,-26.43749967,-22.52700105,-26.48999944
7.22,-28.51049915,-30.95850244,-32.36250177,-26.38350025,-26.39849916,-26.44799963,-26.43450037,-30.3959991,-26.48999944
7.24,-28.89149919,-29.170499,-22.19100013,-26.38949886,-26.40749946,-26.45099893,-26.43749967,-24.93150011,-26.48999944
7.26,-23.12099949,-22.71299854,-31.37099996,-26.3910009,-26.40450016,-26.45099893,-26.44049898,-23.54399934,-26.49150148
7.28,-25.44149891,-31.81800142,-28.04399982,-26.38350025,-26.40899912,-26.44950166,-26.44199863,-30.59250131,-26.50500074
7.3,-28.94999996,-24.18449894,-23.08500066,-26.39250055,-26.4030005,-26.45400062,-26.45249858,-23.1719996,-26.49750009
7.32,-26.21999994,-26.13600031,-31.91400304,-26.37749925,-26.40450016,-26.44500032,-26.45699993,-25.39200082,-26.50650039
7.34,-23.16749826,-32.41350427,-23.41949955,-26.37150064,-26.4030005,-26.45249858,-26.44049898,-30.92550054,-26.49299875
7.36,-28.08599964,-22.21949831,-27.44250074,-26.39250055,-26.39849916,-26.45400062,-26.45699993,-22.23299995,-26.48999944
7.38,-29.17499796,-31.21799961,-32.17499986,-26.37449995,-26.40899912,-26.45249858,-26.45550027,-27.92999998,-26.48999944
7.4,-29.09849897,-28.48649994,-22.20000044,-26.3759996,-26.39999881,-26.44799963,-26.45249858,-30.62249914,-26.49299875
7.42,-25.00499979,-22.93799892,-31.49850145,-26.37899891,-26.42250076,-26.45099893,-26.43600002,-22.00649992,-26.49299875
7.44,-23.48550096,-31.87799945,-27.33599916,-26.3759996,-26.41799942,-26.44950166,-26.43600002,-29.67000023,-26.4944984
7.46,-28.60650077,-23.71949926,-23.43300119,-26.39549986,-26.40150085,-26.45099893,-26.43900171,-29.05050054,-26.5034987
7.48,-28.76549974,-26.86199918,-32.0610024,-26.39549986,-26.42250076,-26.45249858,-26.43900171,-22.13700071,-26.48700014
7.5,-23.06700006,-32.32650056,-23.00400034,-26.37899891,-26.39699951,-26.43149868,-26.45400062,-30.25800005,-26.48999944
7.52,-25.70100084,-22.21050039,-28.37700143,-26.3759996,-26.41500011,-26.44799963,-26.42849937,-26.71799913,-26.48999944
7.54,-28.99050012,-31.39350191,-31.80750147,-26.37749925,-26.41200081,-26.46000162,-26.44350067,-22.68149868,-26.5094997
7.56,-25.92299953,-27.8234984,-22.23599926,-26.3940002,-26.38799921,-26.46000162,-26.44950166,-30.41399971,-26.50650039
7.58,-23.22900072,-23.1809999,-31.58550039,-26.3759996,-26.41049877,-26.46000162,-26.45849958,-24.55050007,-26.50500074
7.6,-28.25550094,-31.96950212,-26.56950012,-26.38050094,-26.41200081,-26.46000162,-26.43749967,-23.82749811,-26.5094997
7.62,-29.12100092,-23.31599966,-23.8304998,-26.39699951,-26.40599981,-26.44350067,-26.43749967,-30.64950004,-26.49299875
7.64,-23.33400026,-27.69299999,-48.90321508,-26.39250055,-26.41350046,-26.44350067,-26.43900171,-22.92300001,-26.49150148
7.66,-24.91649881,-32.07750097,-48.90321508,-26.38949886,-26.41049877,-26.45249858,-26.43450037,-25.88700071,-26.49299875
7.68,-28.91099945,-22.20599905,-29.24249902,-26.3910009,-26.41649976,-26.45699993,-26.43450037,-30.94650045,-26.49150148
7.7,-26.86499849,-31.49400011,-31.20600238,-26.37749925,-26.41649976,-26.44649997,-26.44049898,-22.14000002,-26.49299875
7.72,-23.06249872,-27.18449846,-22.28699937,-26.38050094,-26.40450016,-26.45249858,-26.43749967,-28.37700143,-26.49750009
7.74,-27.70200029,-23.49749818,-31.62150398,-26.37449995,-26.41350046,-26.44950166,-26.43300071,-30.41699901,-26.49150148
7.76,-29.23349872,-32.0340015,-25.91699854,-26.39849916,-26.40899912,-26.45099893,-26.42999902,-21.98699966,-26.49299875
7.78,-23.80199924,-22.98150077,-24.28650156,-26.38350025,-26.41799942,-26.45249858,-26.44049898,-29.86049905,-26.49600044
7.8,-24.22649875,-28.44149843,-32.24100366,-26.37749925,-26.40749946,-26.44950166,-26.43749967,-28.58850017,-26.49750009
7.82,-28.83749977,-31.74000278,-22.4924995,-26.39999881,-26.41200081,-26.46149889,-26.44049898,-22.19249979,-26.49299875
7.84,-27.73499981,-22.23900095,-29.9654986,-26.3940002,-26.41500011,-26.44049898,-26.43450037,-30.2865006,-26.49150148
7.86,-22.98450008,-31.533003,-30.62099949,-26.39849916,-26.41350046,-26.44199863,-26.45400062,-26.20949998,-26.4944984
7.88,-26.98200002,-26.55599847,-22.41750017,-26.39699951,-26.41500011,-26.45249858,-26.43600002,-22.86449924,-26.48849979
7.9,-29.17350069,-24.25950065,-31.69350162,-26.40150085,-26.41200081,-26.45400062,-26.43600002,-30.46649948,-26.48700014
7.92,-24.50550094,-25.9934999,-25.28100029,-26.38799921,-26.39999881,-26.44500032,-26.43600002,-24.14099947,-26.50500074
7.94,-23.72550026,-32.44500175,-24.80099931,-26.3849999,-26.41049877,-26.45550027,-26.43450037,-24.20249954,-26.48999944
7.96,-28.71150032,-22.22850099,-32.39700094,-26.38949886,-26.41350046,-26.44799963,-26.43300071,-30.73499933,-26.49299875
7.98,-28.45500007,-31.18350044,-22.34250084,-26.38350025,-26.41049877,-26.45400062,-26.43600002,-22.67250076,-26.4944984
8,-23.00250068,-28.62149969,-30.57750002,-26.38350025,-26.41049877,-26.44500032,-26.43600002,-26.45699993,-26.50650039
8.02,-26.15550056,-22.91399971,-29.82749954,-26.38649955,-26.41350046,-26.45249858,-26.44350067,-30.94199911,-26.49750009
8.04,-29.04000059,-48.90321508,-22.55850092,-26.38350025,-26.41799942,-26.44950166,-26.43600002,-30.6870009,-26.48849979
8.06,-25.38450018,-48.90321508,-31.75500169,-26.3820006,-26.41049877,-26.44649997,-26.44350067,-22.00500026,-26.49150148
8.08,-23.36400047,-26.77500024,-24.63899866,-26.3849999,-26.41049877,-26.45699993,-26.44199863,-29.61449876,-26.48700014
8.1,-28.46849933,-32.32949987,-25.56900039,-26.3849999,-26.41200081,-26.44500032,-26.43749967,-29.17799965,-26.4944984
8.12,-28.92299905,-22.19700113,-32.44500175,-26.38799921,-26.39849916,-26.45550027,-26.43600002,-22.1130015,-26.4944984
8.14,-23.16449896,-31.35900274,-22.26149812,-26.38949886,-26.40599981,-26.44799963,-26.44199863,-28.05599943,-26.49600044
8.16,-25.31999841,-27.91799799,-31.04550377,-26.38799921,-26.41350046,-26.44500032,-26.43900171,-22.31100097,-26.48999944
8.18,-28.9365007,-23.12249914,-29.02950063,-26.3849999,-26.40749946,-26.45400062,-26.44350067,-30.32699838,-26.50800005
8.2,-26.37150064,-31.9425036,-26.28000036,-26.38949886,-26.41649976,-26.45249858,-26.43900171,-25.7084991,-26.48849979
8.22,-23.12099949,-23.38350073,-24.01049867,-26.38949886,-26.41649976,-26.44799963,-26.43900171,-23.11499849,-26.49299875
8.24,-28.00050035,-27.53400102,-32.20050111,-26.38949886,-26.38949886,-26.45099893,-26.43749967,-30.51599994,-26.48999944
8.26,-29.1945006,-32.11950079,-22.62150064,-26.37899891,-26.40450016,-26.44950166,-26.46149889,-23.72999921,-26.48849979
8.28,-23.51849809,-22.20599905,-29.5980002,-26.38799921,-26.40749946,-26.43450037,-26.42400041,-24.64649931,-26.48550048
8.3,-24.57599893,-31.46100059,-30.93600288,-26.3910009,-26.40450016,-26.44950166,-26.42699972,-30.8145,-26.48999944
8.32,-28.86450067,-27.31199995,-22.35450044,-26.38949886,-26.40899912,-26.43450037,-26.44950166,-22.45949998,-26.49600044
8.34,-27.295499,-23.42700019,-31.67550102,-26.38799921,-26.40599981,-26.44950166,-26.44500032,-27.0645,-26.48550048
8.36,-23.01599994,-32.04449907,-25.60050026,-26.3910009,-26.40450016,-26.44649997,-26.44799963,-30.86699978,-26.48700014
8.38,-27.36899868,-23.0204989,-24.54750076,-26.38949886,-26.4030005,-26.43900171,-26.44799963,-22.03650013,-26.48999944
8.4,-29.21099916,-28.31699863,-32.33550087,-26.3849999,-26.42099872,-26.44649997,-26.44350067,-29.24999967,-26.49750009
8.42,-24.1004993,-31.81200281,-22.42349878,-26.3910009,-26.42250076,-26.44350067,-26.44799963,-29.70599905,-26.49899974
8.44,-23.96700159,-22.2434999,-30.28049961,-26.3849999,-26.42250076,-26.44049898,-26.44199863,-22.04249874,-26.49150148
8.46,-28.78350034,-31.55550256,-30.24600044,-26.3849999,-26.42250076,-26.44500032,-26.44649997,-30.15749946,-26.5094997
8.48,-28.07850137,-26.6249992,-22.48950019,-26.38799921,-26.41200081,-26.44049898,-26.44649997,-27.49949947,-26.49750009
8.5,-22.97250047,-23.77499834,-31.72950044,-26.38799921,-26.41049877,-26.45249858,-26.44199863,-22.44600073,-26.49750009
8.52,-26.61599889,-32.12250248,-24.8954989,-26.38649955,-26.42699972,-26.43450037,-26.44799963,-30.36599889,-26.49750009
8.54,-29.11949888,-22.75200143,-25.22549883,-26.38649955,-26.42250076,-26.45249858,-26.43900171,-25.18800035,-26.49750009
8.56,-24.85950008,-29.11199823,-32.45700136,-26.38799921,-26.41949907,-26.44950166,-26.44950166,-23.4029986,-26.49150148
8.58,-23.54399934,-31.31250158,-22.29450002,-26.38949886,-26.41949907,-26.44950166,-26.42699972,-24.13800016,-26.48700014
8.6,-28.64699855,-22.28400007,-30.89249864,-26.38799921,-26.42099872,-26.45550027,-26.44199863,-30.72449937,-26.4944984
8.62,-28.68449941,-31.60200372,-29.36249986,-26.39250055,-26.4030005,-26.45699993,-26.44649997,-22.71299854,-26.4944984
8.64,-23.0445005,-26.06549993,-22.67699972,-26.37150064,-26.42099872,-26.45550027,-26.44199863,-26.36849895,-26.49150148
8.66,-25.83600059,-24.18299928,-31.78950325,-26.3910009,-26.41799942,-26.45699993,-26.44950166,-30.94650045,-26.48999944
8.68,-29.01000038,-32.21699968,-24.28799883,-26.38799921,-26.40749946,-26.44350067,-26.45400062,-22.1009995,-26.48399845
8.7,-25.75049892,-22.54649892,-25.97699896,-26.38649955,-26.40899912,-26.44649997,-26.44500032,-28.79849926,-26.48849979
8.72,-23.27100053,-29.74800125,-32.4255015,-26.38649955,-26.41799942,-26.44950166,-26.44350067,-30.14549986,-26.48999944
8.74,-28.34399953,-30.80699936,-22.23749891,-26.38649955,-26.41500011,-26.44799963,-26.45249858,-22.00350061,-26.48999944
8.76,-29.0639998,-22.377,-31.17750421,-26.38949886,-26.40899912,-26.45550027,-26.45099893,-30.01349941,-26.48550048
8.78,-23.25599924,-31.68299928,-28.60049978,-26.38949886,-26.41500011,-26.43600002,-26.44199863,-28.10549989,-26.49150148
8.8,-25.06649986,-25.44149891,-22.91399971,-26.38350025,-26.41500011,-26.44799963,-26.43450037,-22.30799928,-26.4944984
8.82,-28.91999975,-24.66300026,-31.87500253,-26.3849999,-26.41200081,-26.44649997,-26.43300071,-30.33449903,-26.48849979
8.84,-26.66850105,-32.32199922,-23.78700033,-26.38350025,-26.41350046,-26.44649997,-26.43900171,-25.75649992,-26.48999944
8.86,-23.08500066,-22.40700021,-26.77500024,-26.38949886,-26.41049877,-26.45249858,-26.45699993,-23.09550062,-26.4944984
8.88,-23.00850168,-30.40499941,-32.36700311,-26.3849999,-26.41200081,-26.45099893,-26.42699972,-30.49500003,-26.49150148
8.9,-26.127,-30.08699909,-22.18799844,-26.38050094,-26.41049877,-26.45099893,-26.44649997,-23.74200121,-26.48999944
8.92,-29.0549995,-22.50449911,-31.39800087,-26.38949886,-26.41799942,-26.45249858,-26.44350067,-24.62250009,-26.49750009
8.94,-25.40399805,-31.72800317,-27.86700025,-26.40749946,-26.41500011,-26.43149868,-26.44350067,-30.82200065,-26.50200143
8.96,-23.35950151,-24.85800043,-23.16749826,-26.38649955,-26.41200081,-26.45249858,-26.44049898,-22.47450128,-26.5034987
8.98,-28.48200098,-25.28549924,-31.94850221,-26.3910009,-26.40899912,-26.45699993,-26.43900171,-27.07949892,-26.5004994
9,-28.94999996,-32.40900293,-23.31899896,-26.3849999,-26.40599981,-26.45249858,-26.44500032,-30.86550012,-26.49899974
9.02,-23.16149965,-22.29000106,-27.66900077,-26.39250055,-26.41350046,-26.45400062,-26.44049898,-22.03500047,-26.50200143
9.04,-25.35899892,-30.84599987,-48.90321508,-26.38949886,-26.41649976,-26.45249858,-26.44350067,-29.22600046,-26.50650039
9.06,-28.94700065,-29.37150016,-48.90321508,-26.38649955,-26.41350046,-26.45550027,-26.43600002,-29.69700113,-26.50650039
9.08,-26.31299987,-22.67849937,-31.49549976,-26.38799921,-26.41049877,-26.44649997,-26.44799963,-22.04999939,-26.49899974
9.1,-23.14199939,-31.77900091,-27.13199869,-26.38799921,-26.41049877,-26.45099893,-26.44199863,-30.16949907,-26.50200143
9.12,-28.04549947,-24.31200042,-23.54399934,-26.3910009,-26.40749946,-26.44799963,-26.44649997,-27.50399843,-26.5004994
9.14,-29.19300094,-25.94549909,-32.07149997,-26.39250055,-26.41350046,-26.42699972,-26.44500032,-22.43700042,-26.50800005
9.16,-23.49900022,-32.45700136,-22.94699922,-26.37000099,-26.41049877,-26.43450037,-26.44350067,-30.37050024,-26.5034987
9.18,-24.60899845,-22.23599926,-28.55099931,-26.3910009,-26.41200081,-26.44950166,-26.44199863,-25.1804997,-26.50200143
9.2,-28.87650028,-22.29899898,-31.64550081,-26.38350025,-26.39699951,-26.44500032,-26.44199863,-23.39400068,-26.5034987
9.22,-27.24600092,-31.61700264,-22.25549951,-26.3940002,-26.41200081,-26.45249858,-26.44950166,-30.55799976,-26.5004994
9.24,-23.00400034,-25.9634997,-31.57350317,-26.3849999,-26.41200081,-26.43149868,-26.44649997,-23.35199848,-26.50200143
9.26,-27.41549984,-24.25500169,-26.45099893,-26.38799921,-26.41350046,-26.44950166,-26.44350067,-25.13099924,-26.4944984
9.28,-29.23199907,-32.27850214,-23.93699899,-26.38949886,-26.41500011,-26.44799963,-26.44649997,-30.87600008,-26.5004994
9.3,-24.05550018,-22.50600114,-32.19900385,-26.38649955,-26.40599981,-26.45249858,-26.44199863,-22.29299799,-26.50650039
9.32,-24.00749937,-29.90700021,-22.6530005,-26.38649955,-26.41049877,-26.45249858,-26.44350067,-27.64050022,-26.4944984
9.34,-28.79849926,-30.653999,-29.47349802,-26.38350025,-26.41500011,-26.44950166,-26.43749967,-30.70949808,-26.50200143
9.36,-28.04250017,-22.39500061,-31.05149999,-26.38949886,-26.40749946,-26.44799963,-26.44649997,-22.00500026,-26.5034987
9.38,-22.97849908,-31.69500127,-22.34849945,-26.38799921,-26.41200081,-26.46000162,-26.42550007,-29.54400077,-26.50650039
9.4,-26.66399971,-25.31549945,-31.64550081,-26.38649955,-26.41049877,-26.43900171,-26.45099893,-29.25899997,-26.48550048
9.42,-29.14050117,-24.76350084,-31.94850221,-26.38949886,-26.41200081,-26.43450037,-26.44649997,-22.0889999,-26.5034987
9.44,-24.81600061,-32.35500112,-23.58749881,-26.38649955,-26.41350046,-26.44950166,-26.44199863,-30.20849958,-26.50200143
9.46,-23.5634996,-22.3740007,-27.13500038,-26.38050094,-26.41500011,-26.45400062,-26.44199863,-26.97750106,-26.49750009
9.48,-28.6514999,-30.48300043,-32.27400079,-26.38799921,-26.41500011,-26.45099893,-26.43749967,-22.58549944,-26.48849979
9.5,-28.65450159,-29.96700063,-22.20750108,-26.38649955,-26.40899912,-26.45849958,-26.44649997,-30.40349975,-26.48999944
9.52,-23.02199855,-22.52700105,-31.47750154,-26.38949886,-26.41049877,-26.45849958,-26.44350067,-24.75749984,-26.49750009
9.54,-25.85399881,-31.73550144,-27.55049959,-26.39699951,-26.40749946,-26.45699993,-26.44199863,-23.68500009,-26.47949949
9.56,-29.00699869,-24.79800001,-23.3025004,-26.38799921,-26.41500011,-26.45400062,-26.44500032,-30.61350122,-26.5034987
9.58,-25.72949901,-25.33799902,-31.99800268,-26.38799921,-26.41649976,-26.43149868,-26.44199863,-23.05949941,-26.50200143
9.6,-23.26649919,-32.44950309,-23.13149944,-26.38350025,-26.41350046,-26.45249858,-26.45249858,-25.61849847,-26.49899974
9.62,-28.33349958,-22.28249803,-28.08599964,-26.3940002,-26.41049877,-26.44950166,-26.43749967,-30.90749994,-26.49750009
9.64,-29.05949846,-30.89699998,-31.90800205,-26.37899891,-26.41200081,-26.45249858,-26.44649997,-22.18199983,-26.49600044
9.66,-23.26499954,-29.28900018,-22.21050039,-26.3820006,-26.41049877,-26.45099893,-26.44350067,-28.12050119,-26.49899974
9.68,-25.05299821,-22.69500032,-31.57200113,-26.37899891,-26.40599981,-26.43300071,-26.42849937,-30.53249851,-26.50200143
9.7,-28.92600074,-31.82700172,-26.8215014,-26.39999881,-26.41500011,-26.42999902,-26.44350067,-29.8499991,-26.49750009
9.72,-26.67300001,-24.24749866,-23.70450035,-26.3940002,-26.41200081,-26.44649997,-26.44500032,-22.02749982,-26.5004994
9.74,-23.08349863,-26.01900116,-32.10150257,-26.3669993,-26.41049877,-26.44799963,-26.44799963,-30.10499969,-26.49899974
9.76,-27.82049909,-48.90321508,-22.83299938,-26.38649955,-26.40599981,-26.44950166,-26.43900171,-27.69749895,-26.49899974
9.78,-29.2035009,-48.90321508,-28.94700065,-26.38799921,-26.41049877,-26.44950166,-26.44799963,-22.377,-26.5004994
9.8,-23.69550005,-31.19100347,-31.42500177,-26.38649955,-26.41200081,-26.45699993,-26.44649997,-30.34349933,-26.5034987
9.82,-24.34799924,-28.61399904,-22.28100076,-26.3849999,-26.40749946,-26.45249858,-26.44199863,-25.39949909,-26.49750009
9.84,-28.86149898,-22.88850084,-31.62600055,-26.38799921,-26.40749946,-26.45699993,-26.44199863,-23.26799884,-26.49899974
9.86,-27.57900015,-31.87799945,-26.0909988,-26.3820006,-26.41200081,-26.44649997,-26.44649997,-30.52950159,-26.49899974
9.88,-22.99500003,-23.8124992,-24.16799799,-26.38350025,-26.41049877,-26.45249858,-26.44799963,-23.50950018,-26.5004994
9.9,-27.13350073,-26.71799913,-48.90321508,-26.38350025,-26.41049877,-26.45400062,-26.44500032,-24.91649881,-26.50500074
9.92,-29.20799986,-32.34750047,-48.90321508,-26.38050094,-26.41350046,-26.45099893,-26.44649997,-30.86849943,-26.50200143
9.94,-24.33900133,-22.20449939,-29.86049905,-26.3910009,-26.41200081,-26.45699993,-26.44799963,-22.35300079,-26.49600044
9.96,-23.8124992,-31.3545014,-30.70050016,-26.3940002,-26.40899912,-26.44799963,-26.44199863,-27.41099849,-26.5034987
9.98,-28.77000108,-28.01249996,-22.38899961,-26.3910009,-26.41049877,-26.42999902,-26.44500032,-30.78150049,-26.5004994
10,-28.32149997,-23.11350122,-31.67250171,-26.38949886,-26.40899912,-26.46149889,-26.44649997,-22.01550022,-26.49750009